"","x"
"1","abide"
"2","ability"
"3","able"
"4","abound"
"5","absolve"
"6","absorbent"
"7","absorption"
"8","abundance"
"9","abundant"
"10","accede"
"11","accentuate"
"12","accept"
"13","acceptable"
"14","acceptance"
"15","accessible"
"16","accession"
"17","acclaim"
"18","acclamation"
"19","accolade"
"20","accommodate"
"21","accommodation"
"22","accompaniment"
"23","accomplish"
"24","accomplishment"
"25","accord"
"26","accordance"
"27","accountable"
"28","accrue"
"29","accuracy"
"30","accurate"
"31","accurateness"
"32","achieve"
"33","achievement"
"34","acknowledgement"
"35","acquaint"
"36","acquaintance"
"37","acquit"
"38","acquittal"
"39","actual"
"40","actuality"
"41","adamant"
"42","adaptability"
"43","adaptable"
"44","adaptation"
"45","adaptive"
"46","adept"
"47","adeptness"
"48","adequate"
"49","adherence"
"50","adherent"
"51","adhesion"
"52","adhesive"
"53","adjunct"
"54","adjust"
"55","adjustable"
"56","adjustment"
"57","admirable"
"58","admiration"
"59","admire"
"60","admirer"
"61","admit"
"62","admittance"
"63","adorable"
"64","adore"
"65","adorn"
"66","adornment"
"67","adroit"
"68","adroitly"
"69","adulation"
"70","adult"
"71","advance"
"72","advancement"
"73","advantage"
"74","advantageous"
"75","advent"
"76","adventuresome"
"77","adventurous"
"78","advisable"
"79","advocacy"
"80","affability"
"81","affable"
"82","affection"
"83","affectionate"
"84","affiliate"
"85","affiliation"
"86","affinity"
"87","affirm"
"88","affirmation"
"89","affirmative"
"90","affix"
"91","affluence"
"92","affluent"
"93","afloat"
"94","aggregate"
"95","aggregation"
"96","agile"
"97","agility"
"98","agreeable"
"99","agreement"
"100","aid"
"101","alertness"
"102","alight"
"103","alive"
"104","allegiance"
"105","alleviate"
"106","alliance"
"107","allied"
"108","allies"
"109","allow"
"110","allowable"
"111","allowance"
"112","allure"
"113","ally"
"114","almighty"
"115","altruistic"
"116","amazement"
"117","amazing"
"118","ameliorate"
"119","amenable"
"120","amenity"
"121","amiability"
"122","amiable"
"123","amicable"
"124","amnesty"
"125","amour"
"126","ample"
"127","amplify"
"128","amply"
"129","amuse"
"130","amusement"
"131","angel"
"132","angelic"
"133","anoint"
"134","apocalypse"
"135","appeal"
"136","appease"
"137","append"
"138","applaud"
"139","applause"
"140","appoint"
"141","appreciable"
"142","appreciate"
"143","appreciation"
"144","appreciative"
"145","apprehend"
"146","approach"
"147","appropriate"
"148","approval"
"149","approve"
"150","apt"
"151","aptitude"
"152","arbiter"
"153","arbitrate"
"154","arbitration"
"155","ardent"
"156","arisen"
"157","aristocracy"
"158","aristocrat"
"159","aristocratic"
"160","arrest"
"161","art"
"162","ascribe"
"163","aspiration"
"164","aspire"
"165","assent"
"166","assertion"
"167","asset"
"168","assist"
"169","assistance"
"170","assistant"
"171","associate"
"172","association"
"173","assurance"
"174","assure"
"175","assuredly"
"176","astound"
"177","astute"
"178","athletic"
"179","attachment"
"180","attain"
"181","attainment"
"182","attend"
"183","attendance"
"184","attentive"
"185","attract"
"186","attraction"
"187","attractive"
"188","attractiveness"
"189","attune"
"190","audible"
"191","augment"
"192","augmentation"
"193","auspicious"
"194","authentic"
"195","authenticity"
"196","authoritative"
"197","authority"
"198","autonomous"
"199","availability"
"200","avid"
"201","award"
"202","aware"
"203","awareness"
"204","back"
"205","backbone"
"206","backer"
"207","backing"
"208","ball"
"209","balmy"
"210","baptism"
"211","baptize"
"212","bargain"
"213","basic"
"214","beacon"
"215","beauteous"
"216","beautify"
"217","beauty"
"218","befit"
"219","befitting"
"220","befriend"
"221","behalf"
"222","beloved"
"223","benefactor"
"224","beneficent"
"225","beneficial"
"226","beneficiary"
"227","benefit"
"228","benevolence"
"229","benevolent"
"230","benign"
"231","bequeath"
"232","best"
"233","bestow"
"234","betroth"
"235","betrothal"
"236","better"
"237","blameless"
"238","bless"
"239","bliss"
"240","blissful"
"241","blithe"
"242","bloom"
"243","blossom"
"244","board"
"245","boldness"
"246","bolster"
"247","bonny"
"248","bonus"
"249","boom"
"250","boost"
"251","boundless"
"252","bountiful"
"253","brainy"
"254","brave"
"255","bravery"
"256","breadwinner"
"257","bright"
"258","brightness"
"259","brilliance"
"260","brilliant"
"261","brotherhood"
"262","brotherly"
"263","buoyant"
"264","buy"
"265","call"
"266","calm"
"267","calmness"
"268","candid"
"269","candor"
"270","capability"
"271","capable"
"272","capitalize"
"273","captivation"
"274","care"
"275","carefree"
"276","careful"
"277","caress"
"278","casual"
"279","ceaseless"
"280","celebrate"
"281","celebration"
"282","celebrity"
"283","ceremonial"
"284","champ"
"285","champion"
"286","championship"
"287","charisma"
"288","charitable"
"289","charity"
"290","charm"
"291","chaste"
"292","cheer"
"293","cheerful"
"294","cheery"
"295","cherish"
"296","cherub"
"297","chic"
"298","chivalrous"
"299","chivalry"
"300","chosen"
"301","chum"
"302","civil"
"303","civility"
"304","civilization"
"305","civilize"
"306","clarify"
"307","clarity"
"308","classic"
"309","clean"
"310","cleanliness"
"311","cleanse"
"312","clear"
"313","clearness"
"314","clever"
"315","closeness"
"316","clout"
"317","co-operation"
"318","coax"
"319","coddle"
"320","coexistence"
"321","cogent"
"322","cognizance"
"323","cognizant"
"324","coherent"
"325","cohesion"
"326","cohort"
"327","coincident"
"328","collaborate"
"329","collaboration"
"330","colleague"
"331","colossal"
"332","comeback"
"333","comedy"
"334","comely"
"335","comestible"
"336","comfort"
"337","comfortable"
"338","comic"
"339","comical"
"340","commemorate"
"341","commemoration"
"342","commencement"
"343","commend"
"344","commendable"
"345","commendation"
"346","commensurate"
"347","commission"
"348","commitment"
"349","commodious"
"350","common"
"351","commonsense"
"352","communal"
"353","commune"
"354","communicate"
"355","communicative"
"356","communion"
"357","community"
"358","companion"
"359","companionship"
"360","company"
"361","compassion"
"362","compassionate"
"363","compatible"
"364","compensate"
"365","compensation"
"366","competence"
"367","competency"
"368","competent"
"369","complement"
"370","complementary"
"371","complete"
"372","completeness"
"373","completion"
"374","compliance"
"375","compliment"
"376","composure"
"377","comprehend"
"378","comprehension"
"379","comprehensive"
"380","compromise"
"381","concession"
"382","conclusive"
"383","concur"
"384","condone"
"385","conducive"
"386","confederation"
"387","confer"
"388","confidant"
"389","confide"
"390","confidence"
"391","confident"
"392","congenial"
"393","congratulate"
"394","congratulation"
"395","congratulatory"
"396","congregate"
"397","conjunction"
"398","conjure"
"399","connect"
"400","conquer"
"401","conqueror"
"402","conquest"
"403","conscience"
"404","conscientious"
"405","consensus"
"406","consent"
"407","conserve"
"408","consider"
"409","considerate"
"410","consideration"
"411","consign"
"412","consistency"
"413","consistent"
"414","console"
"415","consolidate"
"416","constancy"
"417","constructive"
"418","consult"
"419","consultation"
"420","consummate"
"421","contact"
"422","content"
"423","contentment"
"424","continuity"
"425","contribute"
"426","contribution"
"427","contributor"
"428","convene"
"429","conviction"
"430","convince"
"431","cooperate"
"432","cooperation"
"433","cooperative"
"434","coordinate"
"435","coordination"
"436","cordial"
"437","correct"
"438","correction"
"439","council"
"440","counsel"
"441","courage"
"442","courageous"
"443","courteous"
"444","courtesy"
"445","courtly"
"446","covenant"
"447","cozy"
"448","create"
"449","creative"
"450","creativity"
"451","credentials"
"452","credibility"
"453","credible"
"454","credit"
"455","crusade"
"456","crusader"
"457","cuddle"
"458","culminate"
"459","culmination"
"460","cultivate"
"461","cultivation"
"462","culture"
"463","cupid"
"464","cure"
"465","curtsey"
"466","cute"
"467","dance"
"468","dare"
"469","daring"
"470","darling"
"471","dauntless"
"472","dawn"
"473","dazzle"
"474","deal"
"475","dear"
"476","decency"
"477","decent"
"478","decipher"
"479","decorate"
"480","decoration"
"481","decorative"
"482","dedicate"
"483","dedication"
"484","deduce"
"485","defend"
"486","defender"
"487","defense"
"488","deference"
"489","definitive"
"490","delicacy"
"491","delicate"
"492","delight"
"493","delightful"
"494","dependability"
"495","dependable"
"496","descry"
"497","deserve"
"498","deservedly"
"499","desirable"
"500","desirous"
"501","devote"
"502","devotion"
"503","devout"
"504","dexterity"
"505","dig"
"506","dignified"
"507","dignify"
"508","dignity"
"509","diligent"
"510","discern"
"511","discreet"
"512","discretion"
"513","discuss"
"514","distinct"
"515","distinction"
"516","distinctive"
"517","distinguish"
"518","distinguished"
"519","divine"
"520","divinity"
"521","dominance"
"522","donate"
"523","donation"
"524","dote"
"525","doubtless"
"526","dreamland"
"527","durability"
"528","durable"
"529","dynamic"
"530","eager"
"531","eagerness"
"532","earnest"
"533","earnestness"
"534","ease"
"535","easy"
"536","economize"
"537","ecstasy"
"538","ecstatic"
"539","edible"
"540","educated"
"541","education"
"542","educational"
"543","effective"
"544","effectiveness"
"545","efficacy"
"546","efficiency"
"547","efficient"
"548","elaborate"
"549","elaboration"
"550","elate"
"551","elegance"
"552","elegant"
"553","eloquent"
"554","embellish"
"555","embrace"
"556","eminence"
"557","eminent"
"558","empathy"
"559","empower"
"560","empowerment"
"561","enable"
"562","enchant"
"563","enchantment"
"564","encourage"
"565","encouragement"
"566","endear"
"567","endorse"
"568","endow"
"569","endurance"
"570","energetic"
"571","energize"
"572","engage"
"573","enhance"
"574","enhancement"
"575","enjoy"
"576","enjoyable"
"577","enjoyment"
"578","enlighten"
"579","enlightenment"
"580","enrich"
"581","enrichment"
"582","ensemble"
"583","ensure"
"584","entertain"
"585","entertainment"
"586","enthusiasm"
"587","enthusiastic"
"588","entrepreneurial"
"589","entrust"
"590","envision"
"591","equality"
"592","equitable"
"593","equity"
"594","essential"
"595","establish"
"596","esteem"
"597","ethical"
"598","ethics"
"599","etiquette"
"600","even"
"601","everlasting"
"602","exact"
"603","exalt"
"604","excel"
"605","excellence"
"606","excellent"
"607","excite"
"608","excited"
"609","excitedness"
"610","excitement"
"611","exertion"
"612","exhilaration"
"613","exotic"
"614","experience"
"615","expert"
"616","exquisite"
"617","extol"
"618","extraordinary"
"619","extravagance"
"620","exuberance"
"621","exuberant"
"622","exult"
"623","exultation"
"624","eye"
"625","fabulous"
"626","facilitate"
"627","factual"
"628","fair"
"629","fairness"
"630","faith"
"631","faithful"
"632","faithfulness"
"633","fame"
"634","familiar"
"635","familiarity"
"636","familiarize"
"637","famous"
"638","fancy"
"639","fantastic"
"640","fantasy"
"641","farsighted"
"642","fascination"
"643","fashionable"
"644","favor"
"645","favorable"
"646","favorite"
"647","fearless"
"648","feasible"
"649","feast"
"650","fellow"
"651","fellowship"
"652","fertile"
"653","fervent"
"654","fervor"
"655","festival"
"656","festive"
"657","festivity"
"658","fidelity"
"659","fiery"
"660","filial"
"661","fill"
"662","fine"
"663","firmness"
"664","fit"
"665","fitness"
"666","flair"
"667","flashy"
"668","flatter"
"669","flattery"
"670","flaunt"
"671","flawless"
"672","flexible"
"673","flirt"
"674","flourish"
"675","fluent"
"676","fond"
"677","fondness"
"678","foremost"
"679","foresight"
"680","forgave"
"681","forgive"
"682","forgiven"
"683","forgiveness"
"684","formality"
"685","fortify"
"686","fortitude"
"687","fortunate"
"688","forward"
"689","foster"
"690","fragrant"
"691","frank"
"692","free"
"693","freedom"
"694","fresh"
"695","friend"
"696","friendly"
"697","friendship"
"698","frolic"
"699","frugal"
"700","fruitful"
"701","fruition"
"702","fulfill"
"703","fulfillment"
"704","fullness"
"705","fun"
"706","funny"
"707","gaiety"
"708","gaily"
"709","gain"
"710","gallant"
"711","gallantry"
"712","game"
"713","garnish"
"714","gay"
"715","generate"
"716","generosity"
"717","generous"
"718","genial"
"719","genius"
"720","gentle"
"721","genuine"
"722","giddy"
"723","gift"
"724","gifted"
"725","give"
"726","glad"
"727","gladden"
"728","gladness"
"729","glamorous"
"730","glamour"
"731","gleam"
"732","glean"
"733","glee"
"734","glimmer"
"735","glisten"
"736","glitter"
"737","glorify"
"738","glorious"
"739","glory"
"740","glossy"
"741","glow"
"742","godlike"
"743","godliness"
"744","gold"
"745","golden"
"746","good"
"747","goodbye"
"748","goodness"
"749","gorgeous"
"750","grace"
"751","graceful"
"752","gracious"
"753","graduation"
"754","grand"
"755","grandeur"
"756","grateful"
"757","gratification"
"758","gratify"
"759","gratitude"
"760","great"
"761","greatness"
"762","greet"
"763","groom"
"764","guarantee"
"765","guardian"
"766","guide"
"767","gusto"
"768","hallowed"
"769","hand"
"770","handsome"
"771","handy"
"772","happiness"
"773","happy"
"774","hardy"
"775","harmless"
"776","harmonious"
"777","harmonize"
"778","harmony"
"779","harness"
"780","haven"
"781","heal"
"782","health"
"783","healthful"
"784","healthy"
"785","heart"
"786","heartily"
"787","heaven"
"788","heavenly"
"789","help"
"790","helpful"
"791","hero"
"792","heroic"
"793","heroine"
"794","heroism"
"795","highlight"
"796","hilarious"
"797","hit"
"798","holy"
"799","homage"
"800","home"
"801","honest"
"802","honeymoon"
"803","honor"
"804","honorable"
"805","hope"
"806","hopeful"
"807","hospitable"
"808","hug"
"809","human"
"810","humanitarian"
"811","humanity"
"812","humble"
"813","humility"
"814","humor"
"815","humorous"
"816","hygiene"
"817","ideal"
"818","idealism"
"819","idol"
"820","idolize"
"821","illuminate"
"822","illustrious"
"823","imagination"
"824","imaginative"
"825","immaculate"
"826","immortal"
"827","impartial"
"828","impartiality"
"829","imperative"
"830","impervious"
"831","impetus"
"832","importance"
"833","important"
"834","impress"
"835","impressive"
"836","improve"
"837","improvement"
"838","impunity"
"839","inaugurate"
"840","inauguration"
"841","independence"
"842","independent"
"843","indescribable"
"844","indicative"
"845","indispensability"
"846","indispensable"
"847","individuality"
"848","indomitable"
"849","indulgence"
"850","industrious"
"851","inexpensive"
"852","infallibility"
"853","infallible"
"854","infer"
"855","inference"
"856","inform"
"857","ingenious"
"858","ingenuity"
"859","inherit"
"860","innocence"
"861","innocent"
"862","innovate"
"863","innovative"
"864","inquisitive"
"865","inseparable"
"866","insight"
"867","insistent"
"868","inspiration"
"869","inspirational"
"870","inspire"
"871","instinctive"
"872","integrity"
"873","intellect"
"874","intellectual"
"875","intelligence"
"876","intelligent"
"877","intelligible"
"878","intercede"
"879","intercourse"
"880","interest"
"881","interested"
"882","interpose"
"883","intimacy"
"884","intimate"
"885","intricate"
"886","intrigue"
"887","invaluable"
"888","inventor"
"889","invincible"
"890","invitation"
"891","invite"
"892","invulnerable"
"893","irresistible"
"894","jest"
"895","join"
"896","jointly"
"897","joke"
"898","jolly"
"899","joy"
"900","joyful"
"901","jubilant"
"902","jubilee"
"903","just"
"904","justice"
"905","justifiably"
"906","justification"
"907","justify"
"908","keen"
"909","kid"
"910","kind"
"911","kindness"
"912","kiss"
"913","know"
"914","knowledge"
"915","laudable"
"916","laugh"
"917","laughter"
"918","lavish"
"919","law"
"920","lawful"
"921","lead"
"922","learn"
"923","learner"
"924","legal"
"925","legitimacy"
"926","legitimate"
"927","leisure"
"928","liberal"
"929","liberalism"
"930","liberate"
"931","liberty"
"932","lifelong"
"933","light"
"934","likable"
"935","like"
"936","live"
"937","lively"
"938","logic"
"939","logical"
"940","longevity"
"941","love"
"942","loveliness"
"943","lovely"
"944","lover"
"945","loyal"
"946","loyalty"
"947","lucid"
"948","luck"
"949","luckily"
"950","lucky"
"951","lucrative"
"952","luminous"
"953","lust"
"954","luster"
"955","lustrous"
"956","luxuriant"
"957","luxurious"
"958","luxury"
"959","lyric"
"960","lyrical"
"961","magical"
"962","magnetic"
"963","magnificence"
"964","magnificent"
"965","main"
"966","majestic"
"967","majesty"
"968","major"
"969","make"
"970","manageable"
"971","manly"
"972","marital"
"973","marriage"
"974","marry"
"975","marvel"
"976","marvelous"
"977","masterful"
"978","mastery"
"979","matchless"
"980","mate"
"981","matter"
"982","mature"
"983","maturity"
"984","maximize"
"985","meaningful"
"986","measurable"
"987","mediate"
"988","meditation"
"989","meet"
"990","mellow"
"991","melody"
"992","memorable"
"993","mend"
"994","mentor"
"995","merciful"
"996","mercy"
"997","merit"
"998","meritorious"
"999","merrily"
"1000","merriment"
"1001","merry"
"1002","mesh"
"1003","meticulous"
"1004","mighty"
"1005","mild"
"1006","mind"
"1007","mindful"
"1008","minister"
"1009","mint"
"1010","miracle"
"1011","miraculous"
"1012","mirth"
"1013","mobility"
"1014","mobilize"
"1015","moderate"
"1016","moderation"
"1017","modernity"
"1018","modest"
"1019","modesty"
"1020","momentous"
"1021","monumental"
"1022","moral"
"1023","morale"
"1024","moralistic"
"1025","morality"
"1026","motivate"
"1027","motivated"
"1028","motivation"
"1029","motive"
"1030","multitude"
"1031","mutual"
"1032","myriad"
"1033","natural"
"1034","navigable"
"1035","neat"
"1036","necessarily"
"1037","negotiate"
"1038","nice"
"1039","niche"
"1040","nimble"
"1041","nobility"
"1042","noble"
"1043","nobleman"
"1044","noiseless"
"1045","nominate"
"1046","non-violence"
"1047","non-violent"
"1048","normal"
"1049","notable"
"1050","notoriety"
"1051","nourish"
"1052","nourishment"
"1053","novelty"
"1054","nurse"
"1055","nurture"
"1056","nutrient"
"1057","oasis"
"1058","obedience"
"1059","obedient"
"1060","obey"
"1061","objective"
"1062","oblige"
"1063","obtain"
"1064","obtainable"
"1065","offer"
"1066","offset"
"1067","onset"
"1068","onward"
"1069","open"
"1070","opportune"
"1071","opportunity"
"1072","optimal"
"1073","optimism"
"1074","optimistic"
"1075","optional"
"1076","order"
"1077","organize"
"1078","originality"
"1079","outgoing"
"1080","outlive"
"1081","outright"
"1082","outrun"
"1083","outset"
"1084","outstanding"
"1085","outwit"
"1086","overcome"
"1087","overjoyed"
"1088","painstaking"
"1089","palatable"
"1090","palatial"
"1091","pamper"
"1092","paradise"
"1093","paramount"
"1094","pardon"
"1095","particular"
"1096","partner"
"1097","partnership"
"1098","pass"
"1099","passionate"
"1100","patience"
"1101","patient"
"1102","patriot"
"1103","patriotic"
"1104","patron"
"1105","patronage"
"1106","pay"
"1107","peace"
"1108","peaceable"
"1109","peaceful"
"1110","peerless"
"1111","perfect"
"1112","perfection"
"1113","perfectionism"
"1114","perfectionist"
"1115","perfume"
"1116","permission"
"1117","permit"
"1118","perseverance"
"1119","persevere"
"1120","persuasive"
"1121","pertinent"
"1122","picturesque"
"1123","piety"
"1124","pinnacle"
"1125","pious"
"1126","plain"
"1127","plausibility"
"1128","playful"
"1129","playmate"
"1130","plaything"
"1131","pleasant"
"1132","pleasantry"
"1133","please"
"1134","pleased"
"1135","pleasurable"
"1136","pleasure"
"1137","pledge"
"1138","plentiful"
"1139","plenty"
"1140","poetic"
"1141","poignant"
"1142","poise"
"1143","polish"
"1144","polite"
"1145","politeness"
"1146","pomp"
"1147","popular"
"1148","popularity"
"1149","populous"
"1150","portable"
"1151","positive"
"1152","positiveness"
"1153","positivity"
"1154","posterity"
"1155","potency"
"1156","potent"
"1157","practicable"
"1158","practical"
"1159","praise"
"1160","prance"
"1161","precaution"
"1162","precedent"
"1163","precept"
"1164","precious"
"1165","precise"
"1166","precision"
"1167","preeminent"
"1168","preference"
"1169","premier"
"1170","premise"
"1171","premium"
"1172","preparatory"
"1173","prestige"
"1174","prettily"
"1175","pretty"
"1176","priceless"
"1177","pride"
"1178","primarily"
"1179","prime"
"1180","principal"
"1181","principle"
"1182","privacy"
"1183","privileged"
"1184","privy"
"1185","prize"
"1186","pro"
"1187","proactive"
"1188","prodigious"
"1189","prodigy"
"1190","productive"
"1191","productivity"
"1192","profess"
"1193","proffer"
"1194","proficient"
"1195","profit"
"1196","profitable"
"1197","profound"
"1198","progress"
"1199","progressive"
"1200","prolific"
"1201","prominence"
"1202","prominent"
"1203","promise"
"1204","prompt"
"1205","promptly"
"1206","proper"
"1207","propitious"
"1208","proprietary"
"1209","propriety"
"1210","prosecute"
"1211","prosper"
"1212","prosperity"
"1213","prosperous"
"1214","protect"
"1215","protection"
"1216","protective"
"1217","protector"
"1218","proud"
"1219","provide"
"1220","providence"
"1221","prowess"
"1222","prudence"
"1223","prudent"
"1224","punctual"
"1225","pure"
"1226","purification"
"1227","purify"
"1228","purity"
"1229","purposeful"
"1230","purr"
"1231","quaint"
"1232","qualify"
"1233","quality"
"1234","quench"
"1235","quicken"
"1236","radiance"
"1237","radiant"
"1238","radiate"
"1239","rally"
"1240","rapport"
"1241","rapt"
"1242","rapture"
"1243","rational"
"1244","rave"
"1245","readily"
"1246","real"
"1247","realistic"
"1248","realistically"
"1249","reap"
"1250","reasonable"
"1251","reassurance"
"1252","reassure"
"1253","receptive"
"1254","reclaim"
"1255","recline"
"1256","recompense"
"1257","reconcile"
"1258","reconciliation"
"1259","recreation"
"1260","redeem"
"1261","redemption"
"1262","reestablish"
"1263","refine"
"1264","refinement"
"1265","refuge"
"1266","regal"
"1267","regard"
"1268","rehabilitation"
"1269","reinforcement"
"1270","reinstate"
"1271","rejoice"
"1272","relaxation"
"1273","relevance"
"1274","relevancy"
"1275","relevant"
"1276","reliability"
"1277","reliable"
"1278","relief"
"1279","relieve"
"1280","religious"
"1281","relish"
"1282","remarkable"
"1283","remarkably"
"1284","remedy"
"1285","remodel"
"1286","renaissance"
"1287","renewal"
"1288","renovate"
"1289","renovation"
"1290","renown"
"1291","repair"
"1292","reparation"
"1293","repent"
"1294","repentance"
"1295","repose"
"1296","reputable"
"1297","rescue"
"1298","resolute"
"1299","resolve"
"1300","resolved"
"1301","resound"
"1302","resourceful"
"1303","resourcefulness"
"1304","respect"
"1305","respectable"
"1306","respectful"
"1307","respite"
"1308","resplendent"
"1309","responsibility"
"1310","responsible"
"1311","responsive"
"1312","restful"
"1313","restoration"
"1314","restore"
"1315","resurrect"
"1316","return"
"1317","reunion"
"1318","reunite"
"1319","revel"
"1320","revelation"
"1321","revere"
"1322","reverence"
"1323","reverent"
"1324","reverently"
"1325","revitalize"
"1326","revival"
"1327","revive"
"1328","reward"
"1329","rich"
"1330","riches"
"1331","richness"
"1332","right"
"1333","righteous"
"1334","righteousness"
"1335","rightful"
"1336","ripe"
"1337","ripen"
"1338","robust"
"1339","romance"
"1340","romantic"
"1341","romanticize"
"1342","rosy"
"1343","round"
"1344","rouse"
"1345","sacred"
"1346","safe"
"1347","safeguard"
"1348","safety"
"1349","sagacity"
"1350","sage"
"1351","saint"
"1352","salutary"
"1353","salutation"
"1354","salute"
"1355","salvation"
"1356","sanctify"
"1357","sanctuary"
"1358","sane"
"1359","sanguine"
"1360","sanitary"
"1361","sanity"
"1362","satisfaction"
"1363","satisfactorily"
"1364","satisfactory"
"1365","satisfy"
"1366","save"
"1367","savings"
"1368","savor"
"1369","savvy"
"1370","scamper"
"1371","scruples"
"1372","scrupulous"
"1373","secure"
"1374","security"
"1375","selective"
"1376","self-contained"
"1377","self-respect"
"1378","semblance"
"1379","sensational"
"1380","sense"
"1381","sensible"
"1382","sensitive"
"1383","sensitivity"
"1384","serene"
"1385","serious"
"1386","seriousness"
"1387","settle"
"1388","share"
"1389","shelter"
"1390","shield"
"1391","shiny"
"1392","shrewd"
"1393","shrewdness"
"1394","significance"
"1395","significant"
"1396","signify"
"1397","simplicity"
"1398","simplify"
"1399","sincere"
"1400","sincerity"
"1401","skill"
"1402","skillful"
"1403","sleek"
"1404","smart"
"1405","smile"
"1406","smitten"
"1407","sober"
"1408","sociable"
"1409","softness"
"1410","solace"
"1411","solution"
"1412","soothe"
"1413","sophisticated"
"1414","sought"
"1415","sound"
"1416","soundness"
"1417","spare"
"1418","sparkle"
"1419","special"
"1420","spectacular"
"1421","speedily"
"1422","splendid"
"1423","splendor"
"1424","spotless"
"1425","sprightly"
"1426","squarely"
"1427","stability"
"1428","stabilize"
"1429","stable"
"1430","stand"
"1431","standardize"
"1432","staple"
"1433","stately"
"1434","statuesque"
"1435","staunch"
"1436","staunchness"
"1437","steadfast"
"1438","steadfastness"
"1439","steadiness"
"1440","steady"
"1441","stimulate"
"1442","stimulation"
"1443","stood"
"1444","straight"
"1445","straightforward"
"1446","strut"
"1447","stud"
"1448","studious"
"1449","stupendous"
"1450","sturdy"
"1451","stylish"
"1452","suave"
"1453","sublime"
"1454","subscribe"
"1455","subscription"
"1456","subsidize"
"1457","subsidy"
"1458","subsist"
"1459","subsistence"
"1460","substantiate"
"1461","subtle"
"1462","succeed"
"1463","success"
"1464","successful"
"1465","suffice"
"1466","sufficient"
"1467","suit"
"1468","suitable"
"1469","summit"
"1470","sumptuous"
"1471","super"
"1472","superior"
"1473","superiority"
"1474","superlative"
"1475","support"
"1476","supportive"
"1477","supreme"
"1478","surge"
"1479","surmise"
"1480","surmount"
"1481","surpass"
"1482","survival"
"1483","survive"
"1484","survivor"
"1485","sweet"
"1486","sweeten"
"1487","sweetheart"
"1488","sweetness"
"1489","swiftness"
"1490","swoon"
"1491","sworn"
"1492","symbolize"
"1493","symmetry"
"1494","sympathetic"
"1495","sympathize"
"1496","sympathy"
"1497","synthesis"
"1498","tact"
"1499","tactics"
"1500","talent"
"1501","talented"
"1502","taste"
"1503","temperance"
"1504","temperate"
"1505","tempt"
"1506","tenacious"
"1507","tenacity"
"1508","tenderness"
"1509","terrific"
"1510","thank"
"1511","thankful"
"1512","therapeutic"
"1513","thorough"
"1514","thoughtful"
"1515","thoughtfulness"
"1516","thrift"
"1517","thrifty"
"1518","thrill"
"1519","thrive"
"1520","tingle"
"1521","togetherness"
"1522","tolerance"
"1523","tolerant"
"1524","tolerate"
"1525","toleration"
"1526","topmost"
"1527","tradition"
"1528","traditional"
"1529","train"
"1530","tranquil"
"1531","tranquility"
"1532","travel"
"1533","treasure"
"1534","treat"
"1535","treatise"
"1536","treaty"
"1537","tremendous"
"1538","tribute"
"1539","triumph"
"1540","triumphal"
"1541","triumphant"
"1542","trophy"
"1543","true"
"1544","trust"
"1545","trustworthiness"
"1546","trustworthy"
"1547","truth"
"1548","truthful"
"1549","unbound"
"1550","unbroken"
"1551","uncommon"
"1552","understand"
"1553","understandable"
"1554","understood"
"1555","undoubted"
"1556","undoubtedly"
"1557","unforgettable"
"1558","unhurried"
"1559","unimpeachable"
"1560","unique"
"1561","unity"
"1562","unlimited"
"1563","unselfish"
"1564","untouched"
"1565","upbeat"
"1566","upfront"
"1567","upgrade"
"1568","upheld"
"1569","uphold"
"1570","uplift"
"1571","uppermost"
"1572","upright"
"1573","upside"
"1574","upward"
"1575","usable"
"1576","useful"
"1577","usefulness"
"1578","utilitarian"
"1579","utilization"
"1580","utilize"
"1581","uttermost"
"1582","valiant"
"1583","valid"
"1584","validity"
"1585","valor"
"1586","valuable"
"1587","value"
"1588","vanquish"
"1589","vastness"
"1590","venerable"
"1591","venerate"
"1592","verification"
"1593","verify"
"1594","veritable"
"1595","versatile"
"1596","versatility"
"1597","viability"
"1598","viable"
"1599","victorious"
"1600","vigilance"
"1601","vigilant"
"1602","virtue"
"1603","virtuous"
"1604","visionary"
"1605","visualization"
"1606","vitality"
"1607","vivacious"
"1608","vivid"
"1609","voluntary"
"1610","vouchsafe"
"1611","warm"
"1612","warmhearted"
"1613","warmth"
"1614","welcome"
"1615","welfare"
"1616","well"
"1617","whimsical"
"1618","wholesome"
"1619","willful"
"1620","willing"
"1621","willingness"
"1622","wisdom"
"1623","wise"
"1624","witty"
"1625","wonder"
"1626","wonderful"
"1627","wondrous"
"1628","woo"
"1629","workable"
"1630","workmanship"
"1631","world-famous"
"1632","worth"
"1633","worth-while"
"1634","worthiness"
"1635","worthy"
"1636","zenith"
"1637","zest"
